{
    "mean_loss": 2.1996547803282738,
    "std_of_mean": 0.048847223441764294,
    "losses": [
        1.960739016532898,
        2.3734805583953857,
        2.3048079013824463,
        1.5746912956237793,
        2.1422817707061768,
        2.905508279800415,
        2.698988914489746,
        1.171330451965332,
        1.6255003213882446,
        1.4914034605026245,
        1.2320034503936768,
        1.2705105543136597,
        1.661568284034729,
        2.131545066833496,
        2.093524694442749,
        1.7820171117782593,
        2.3810458183288574,
        1.8872724771499634,
        2.0608599185943604,
        2.165753126144409,
        2.380690813064575,
        2.3642776012420654,
        2.1842434406280518,
        1.3869714736938477,
        1.3702313899993896,
        1.8579262495040894,
        1.517838478088379,
        1.8679689168930054,
        1.9071787595748901,
        2.8777215480804443,
        2.0596156120300293,
        2.158238649368286,
        1.8404710292816162,
        1.6370834112167358,
        1.82911217212677,
        2.2984068393707275,
        2.235020160675049,
        1.7683185338974,
        1.5506787300109863,
        2.470752000808716,
        4.179391384124756,
        3.1639888286590576,
        2.2217345237731934,
        3.7386467456817627,
        3.1173884868621826,
        2.215181589126587,
        2.063847064971924,
        2.0675368309020996,
        1.9659942388534546,
        1.93611741065979,
        2.164405107498169,
        2.352574348449707,
        2.7522263526916504,
        3.4654176235198975,
        3.018667459487915,
        2.623215436935425,
        2.330141067504883,
        1.6422382593154907,
        1.9226047992706299,
        2.7238402366638184,
        2.7978904247283936,
        2.9816110134124756,
        2.5744569301605225,
        1.929805040359497,
        2.1580936908721924,
        1.2747840881347656,
        1.4331836700439453,
        1.869950771331787,
        2.3870489597320557,
        2.5213077068328857,
        3.1445698738098145,
        2.396946430206299,
        2.125701427459717,
        1.4853787422180176,
        2.292226552963257,
        1.9022654294967651,
        2.238389015197754,
        2.312514543533325,
        2.707171678543091,
        2.4641621112823486,
        2.2403721809387207,
        2.5616185665130615,
        1.8501085042953491,
        1.3826911449432373,
        2.089115858078003,
        2.1519877910614014,
        2.3184261322021484,
        2.6106669902801514,
        3.8315184116363525,
        3.2931816577911377,
        2.041750192642212,
        2.078608751296997,
        1.677406907081604,
        1.6918319463729858,
        1.9721102714538574,
        2.016176700592041,
        2.907898187637329,
        2.411381721496582,
        2.0521843433380127,
        1.9071056842803955,
        1.360891580581665,
        1.9080886840820312,
        1.5974888801574707,
        1.6953669786453247,
        1.8779412508010864,
        2.236844539642334,
        2.2412970066070557,
        2.5770411491394043,
        2.371713876724243,
        2.624030828475952,
        2.4715402126312256,
        2.6442222595214844,
        2.5272626876831055,
        2.2268168926239014,
        2.015685558319092,
        2.61727237701416,
        2.6081628799438477,
        1.257669448852539,
        1.9461162090301514,
        1.9690295457839966,
        1.4234927892684937,
        2.3393466472625732,
        2.8080005645751953,
        3.590122699737549,
        2.050211191177368,
        2.3598623275756836,
        2.2905828952789307,
        1.6933737993240356
    ]
}