{
    "mean_loss": 1.3592613823711872,
    "std_of_mean": 0.05525264445280495,
    "losses": [
        1.1076147556304932,
        1.3496086597442627,
        1.5440378189086914,
        0.748068630695343,
        1.0864741802215576,
        1.6922695636749268,
        1.5168259143829346,
        0.6963891386985779,
        1.0894829034805298,
        1.0032932758331299,
        0.4534381330013275,
        0.4654597342014313,
        0.8880710601806641,
        1.3131617307662964,
        1.5277514457702637,
        1.0323219299316406,
        1.5117247104644775,
        1.3730214834213257,
        1.2233309745788574,
        1.1473820209503174,
        0.877547025680542,
        1.198409080505371,
        1.3472813367843628,
        0.8805387616157532,
        0.7058268189430237,
        1.1418962478637695,
        0.9784534573554993,
        1.2361705303192139,
        1.0750622749328613,
        2.159738779067993,
        1.3265584707260132,
        1.522948980331421,
        1.1774377822875977,
        1.0822252035140991,
        1.4101917743682861,
        1.6392220258712769,
        1.5845534801483154,
        1.1048675775527954,
        0.8918235898017883,
        1.2421190738677979,
        2.7991976737976074,
        1.9383260011672974,
        1.2269865274429321,
        1.90095853805542,
        1.9710160493850708,
        1.3206990957260132,
        1.2660319805145264,
        1.4040018320083618,
        1.3796285390853882,
        1.2049891948699951,
        1.2560136318206787,
        1.3309507369995117,
        1.894993543624878,
        2.554316520690918,
        1.699753761291504,
        1.685628056526184,
        1.5431106090545654,
        1.0876085758209229,
        1.4507125616073608,
        1.9226162433624268,
        1.9125488996505737,
        2.1669764518737793,
        1.70647394657135,
        1.0165891647338867
    ]
}