{
    "mean_loss": 4.243525975616649,
    "std_of_mean": 0.05393752121073481,
    "losses": [
        4.0812811851501465,
        3.6680662631988525,
        2.7110238075256348,
        4.368549346923828,
        4.748529434204102,
        4.586701393127441,
        4.2650651931762695,
        5.458037853240967,
        4.701109886169434,
        3.3780677318573,
        3.5351812839508057,
        3.8148725032806396,
        3.2090015411376953,
        3.6875360012054443,
        4.711930274963379,
        4.645359039306641,
        4.198492527008057,
        3.7050225734710693,
        3.1773293018341064,
        5.395764350891113,
        4.164685249328613,
        4.16448450088501,
        6.007526397705078,
        4.993927478790283,
        2.830239772796631,
        6.620659351348877,
        4.731557846069336,
        3.546671152114868,
        4.292046546936035,
        4.428464889526367,
        3.7271623611450195,
        3.16982364654541,
        3.7144033908843994,
        4.581390857696533,
        4.174979209899902,
        4.054211616516113,
        4.1229658126831055,
        3.6769845485687256,
        3.74354887008667,
        4.420194625854492,
        4.470292568206787,
        3.020249605178833,
        1.820225715637207,
        2.8338005542755127,
        2.8820672035217285,
        4.843654155731201,
        4.299306869506836,
        1.9832683801651,
        3.5604772567749023,
        3.3399546146392822,
        3.752664089202881,
        3.591600179672241,
        4.266895294189453,
        4.094804763793945,
        4.021778106689453,
        4.117306709289551,
        4.162455081939697,
        4.285937786102295,
        4.188948154449463,
        3.4214892387390137,
        4.504586219787598,
        3.213456153869629,
        3.2383477687835693,
        3.915517807006836,
        5.58859395980835,
        3.9027984142303467,
        4.6957106590271,
        4.32741117477417,
        3.8306028842926025,
        3.9105453491210938,
        3.751866102218628,
        4.505574703216553,
        4.575583457946777,
        4.064842700958252,
        3.513864278793335,
        3.144784688949585,
        3.583173990249634,
        4.528049468994141,
        4.286960601806641,
        7.150550842285156,
        4.608992099761963,
        5.0969438552856445,
        5.923675060272217,
        4.419929504394531,
        7.4628167152404785,
        4.5825958251953125,
        4.2030863761901855,
        6.114629745483398,
        4.96750020980835,
        5.437355995178223,
        5.2767133712768555,
        5.62449312210083,
        4.277176380157471,
        4.589150905609131,
        4.507742404937744,
        2.841303586959839,
        4.029255390167236,
        2.6821987628936768,
        3.9024243354797363,
        3.3005571365356445,
        3.83642578125,
        3.2242157459259033,
        2.89331316947937,
        4.022708415985107,
        3.9410083293914795,
        3.0397589206695557,
        3.574031352996826,
        2.6203365325927734,
        3.4794013500213623,
        4.230218410491943,
        6.007984161376953,
        4.780412673950195,
        3.342019557952881,
        3.8952255249023438,
        3.3861351013183594,
        4.406557559967041,
        3.483835220336914,
        3.768120050430298,
        4.984340190887451,
        5.13329553604126,
        3.795057773590088,
        4.243574619293213,
        4.301632404327393,
        3.8478403091430664,
        4.239292144775391,
        3.498786211013794,
        4.000662803649902,
        3.393101930618286,
        4.4137187004089355,
        4.66757869720459,
        3.9588747024536133,
        3.99318265914917,
        3.956494092941284,
        3.208876609802246,
        3.9623310565948486,
        3.8179478645324707,
        4.546776294708252,
        3.5748581886291504,
        4.932851791381836,
        3.373947858810425,
        4.939131736755371,
        5.7048540115356445,
        4.616174697875977,
        4.863614082336426,
        4.001437187194824,
        4.178643703460693,
        4.298254489898682,
        4.791171073913574,
        5.251145362854004,
        4.2695417404174805,
        3.3205509185791016,
        3.1744956970214844,
        3.408583402633667,
        3.5687661170959473,
        3.920905590057373,
        3.931708335876465,
        4.38027811050415,
        3.2984139919281006,
        5.493723392486572,
        8.015271186828613,
        6.680158615112305,
        6.890913009643555,
        7.205313682556152,
        8.253283500671387,
        5.223917484283447,
        8.491097450256348,
        7.084450721740723,
        4.820067882537842,
        7.542312145233154,
        10.21268367767334,
        4.748852729797363,
        4.381314277648926,
        9.05620002746582,
        6.378021717071533,
        10.385583877563477,
        13.361733436584473,
        10.129826545715332,
        10.107298851013184,
        8.336970329284668,
        4.810276985168457,
        5.021066188812256,
        3.978060483932495,
        5.1049089431762695,
        6.181194305419922,
        4.534236431121826,
        4.204602241516113,
        5.620099067687988,
        5.460199356079102,
        4.975792407989502,
        4.1039886474609375,
        3.9402389526367188,
        3.788684368133545,
        4.7997727394104,
        4.0785980224609375,
        5.091310977935791,
        4.584756374359131,
        3.862037420272827,
        3.658327341079712,
        3.348466157913208,
        3.2310397624969482,
        4.138086318969727,
        3.4167468547821045,
        3.094468355178833,
        3.152261972427368,
        3.3756585121154785,
        2.7550530433654785,
        3.3824923038482666,
        3.8614115715026855,
        3.56431245803833,
        5.962976932525635,
        4.577818393707275,
        4.2719268798828125,
        5.821612358093262,
        4.7713494300842285,
        5.704987525939941,
        5.241686820983887,
        4.72462272644043,
        3.426318407058716,
        6.066442012786865,
        5.94155216217041,
        3.339768648147583,
        3.925222635269165,
        4.006582736968994,
        5.567708492279053,
        5.179951190948486,
        3.875033378601074,
        4.025209903717041,
        3.4583165645599365,
        3.7806472778320312,
        3.2062108516693115,
        3.335178852081299,
        3.351284980773926,
        3.3522534370422363,
        2.5863397121429443,
        3.1136069297790527,
        3.9599192142486572,
        3.914243698120117,
        3.0762856006622314,
        4.214381694793701,
        4.510849475860596,
        3.5994510650634766,
        3.5321919918060303,
        4.490785121917725,
        4.386253833770752,
        5.0972394943237305,
        5.023001194000244,
        3.6826632022857666,
        4.394392013549805,
        4.011567115783691,
        3.8522329330444336,
        4.716088771820068,
        2.953890800476074,
        2.860450267791748,
        2.9240410327911377,
        3.639310359954834,
        3.3054282665252686,
        4.749296188354492,
        2.8376033306121826,
        3.734400987625122,
        3.8692386150360107,
        2.4686501026153564,
        3.8499739170074463,
        2.8113746643066406,
        3.1928606033325195,
        3.1001312732696533,
        3.8409249782562256,
        3.7134714126586914,
        2.5494039058685303,
        3.0160410404205322,
        3.2654869556427,
        3.2960028648376465,
        4.86128568649292,
        4.747477054595947,
        3.7288084030151367,
        4.729278087615967,
        3.2404396533966064,
        5.047652244567871,
        4.699056148529053,
        3.9454801082611084,
        4.861081600189209,
        4.193483829498291,
        3.550766706466675,
        5.50521183013916,
        4.642945766448975,
        3.9265739917755127,
        3.078169345855713,
        3.7582597732543945,
        3.1944167613983154,
        4.2578535079956055,
        3.013357162475586,
