{
    "mean_loss": 2.017524701077491,
    "std_of_mean": 0.05523473834440774,
    "losses": [
        1.642453670501709,
        1.902188777923584,
        2.4710075855255127,
        1.1950008869171143,
        2.0245819091796875,
        2.4682018756866455,
        2.3222289085388184,
        1.0479000806808472,
        1.5378854274749756,
        1.4317668676376343,
        0.9927590489387512,
        1.0417414903640747,
        1.4653127193450928,
        1.850195288658142,
        2.228405475616455,
        1.5110384225845337,
        1.934457778930664,
        1.7816935777664185,
        1.6881828308105469,
        1.6016607284545898,
        1.8378605842590332,
        2.3433897495269775,
        1.7034294605255127,
        1.139230728149414,
        0.9180188179016113,
        1.7155393362045288,
        1.3281913995742798,
        1.7364214658737183,
        1.473513126373291,
        2.914517879486084,
        2.0582873821258545,
        2.1630501747131348,
        1.5718668699264526,
        1.4934189319610596,
        1.9333428144454956,
        2.132603645324707,
        2.278153657913208,
        1.680505633354187,
        1.2273187637329102,
        1.7978856563568115,
        4.419251918792725,
        2.896902561187744,
        1.7960269451141357,
        3.303046703338623,
        2.3486859798431396,
        2.181954860687256,
        2.0136678218841553,
        2.011262893676758,
        1.7546018362045288,
        1.7513327598571777,
        1.9253299236297607,
        2.290179491043091,
        2.6943278312683105,
        3.8565900325775146,
        2.662182569503784,
        2.524388074874878,
        2.304766893386841,
        1.430797815322876,
        2.017091989517212,
        2.5898892879486084,
        2.72076678276062,
        2.939950466156006,
        2.5860705375671387,
        1.4959161281585693,
        1.8070697784423828,
        1.0217809677124023,
        1.2355029582977295,
        1.664448857307434,
        2.4634597301483154,
        2.371220588684082,
        2.729978084564209,
        2.0137453079223633,
        2.378486156463623,
        1.1463431119918823,
        2.1697325706481934,
        1.804538369178772,
        2.018613338470459,
        2.3929736614227295,
        3.067753314971924,
        2.5504653453826904,
        1.9784870147705078,
        2.538466453552246,
        1.478307843208313,
        1.1770273447036743,
        1.6760286092758179,
        1.888521671295166,
        2.1007325649261475,
        2.3385603427886963,
        3.907149314880371,
        3.2542731761932373,
        1.78877854347229,
        1.6452746391296387,
        1.484874963760376,
        1.5079411268234253,
        1.6500418186187744,
        1.9150617122650146,
        3.0923140048980713,
        2.187147378921509,
        1.5722368955612183,
        1.7812446355819702,
        1.302308440208435,
        1.483049750328064,
        1.3892627954483032,
        1.5733333826065063,
        1.79317045211792,
        1.9489669799804688,
        2.153080701828003,
        2.589282751083374,
        2.352527618408203,
        2.430351972579956,
        2.4395241737365723,
        2.675083875656128,
        2.444713592529297,
        2.1164870262145996,
        1.5677449703216553,
        2.4834377765655518,
        2.4837045669555664,
        0.8247056007385254,
        1.4440550804138184,
        1.8684741258621216,
        0.9345155954360962,
        2.0597264766693115,
        2.487682580947876,
        3.3310446739196777,
        1.9414314031600952,
        2.3562004566192627,
        2.411607503890991,
        1.4589136838912964
    ]
}